<?xml version="1.0" encoding="UTF-8"?>
<chapter id="hyphenator.license">
    <title>Licenses</title>
    <sect1 id="hyphenator.license.package">
    <title>Hyphenator-Package</title>
    <para>
        <classname>Org\Heigl\Hyphenator</classname> is released unter the 
        <ulink url="http://www.opensource.org/licenses/mit-license.php">
        MIT-License</ulink>.
    </para>
    <para>
        Copyright (c) 2008-2011 <ulink url="mailto:andreas@heigl.org">Andreas 
        Heigl</ulink>
    </para>
    <para>
        Permission is hereby granted, free of charge, to any person obtaining 
        a copy of this software and associated documentation files (the 
        "Software"), to deal in the Software without restriction, including 
        without limitation the rights to use, copy, modify, merge, publish, 
        distribute, sublicense, and/or sell copies of the Software, and to 
        permit persons to whom the Software is furnished to do so, subject to 
        the following conditions:
    </para>
    <para>
        The above copyright notice and this permission notice shall be included 
        in all copies or substantial portions of the Software.
    </para>
    <para>
        THE SOFTWARE IS PROVIDED "AS IS", WITHOUT WARRANTY OF ANY KIND, EXPRESS 
        OR IMPLIED, INCLUDING BUT NOT LIMITED TO THE WARRANTIES OF 
        MERCHANTABILITY, FITNESS FOR A PARTICULAR PURPOSE AND NONINFRINGEMENT. 
        IN NO EVENT SHALL THE AUTHORS OR COPYRIGHT HOLDERS BE LIABLE FOR ANY 
        CLAIM, DAMAGES OR OTHER LIABILITY, WHETHER IN AN ACTION OF CONTRACT, 
        TORT OR OTHERWISE, ARISING FROM, OUT OF OR IN CONNECTION WITH THE 
        SOFTWARE OR THE USE OR OTHER DEALINGS IN THE SOFTWARE.
    </para>
    </sect1>
    <sect1 id="hyphenator.license.pattern">
        <title>Hyphenation-Patterns</title>
        <para>
            The pattern files located in the folder share/files/dictionaries
            are licensed under the <ulink url="http://www.opensource.org/licenses/lgpl-license.php">
            LGPL</ulink>. For more details have a look in the containing 
            directory 
        </para>
    </sect1>     
</chapter>